0,pos
1,neg
2,pos
3,neg
4,neg
5,neg
6,pos
7,neg
8,neg
9,pos
10,pos
11,neg
12,neg
13,pos
14,pos
15,neg
16,pos
17,pos
18,neg
19,pos
20,neg
21,pos
22,pos
23,neg
24,pos
25,pos
26,neg
27,pos
28,neg
29,pos
30,pos
31,neg
32,neg
33,neg
34,pos
35,pos
36,neg
37,pos
38,neg
39,neg
40,pos
41,pos
42,pos
43,neg
44,pos
45,neg
46,pos
47,neg
48,pos
49,pos
50,pos
51,pos
52,pos
53,neg
54,pos
55,pos
56,pos
57,neg
58,pos
59,neg
60,neg
61,pos
62,pos
63,pos
64,neg
65,pos
66,neg
67,pos
68,neg
69,pos
70,pos
71,pos
72,pos
73,neg
74,pos
75,neg
76,pos
77,neg
78,pos
79,pos
80,neg
81,pos
82,pos
83,neg
84,neg
85,neg
86,neg
87,neg
88,pos
89,neg
90,neg
91,neg
92,pos
93,neg
94,pos
95,neg
96,pos
97,neg
98,neg
99,neg
100,neg
101,pos
102,pos
103,neg
104,neg
105,pos
106,pos
107,pos
108,pos
109,neg
110,pos
111,pos
112,pos
113,neg
114,neg
115,pos
116,pos
117,neg
118,neg
119,pos
120,neg
121,pos
122,pos
123,neg
124,neg
125,neg
126,pos
127,pos
128,pos
129,pos
130,neg
131,neg
132,neg
133,pos
134,pos
135,pos
136,neg
137,neg
138,pos
139,neg
140,neg
141,pos
142,neg
143,pos
144,pos
145,pos
146,neg
147,neg
148,neg
149,pos
150,neg
151,neg
152,neg
153,neg
154,pos
155,neg
156,pos
157,pos
158,pos
159,neg
160,neg
161,pos
162,pos
163,pos
164,pos
165,pos
166,pos
167,neg
168,pos
169,neg
170,neg
171,neg
172,neg
173,pos
174,pos
175,pos
176,pos
177,pos
178,pos
179,neg
180,neg
181,neg
182,pos
183,pos
184,neg
185,neg
186,pos
187,pos
188,pos
189,pos
190,pos
191,pos
192,neg
193,neg
194,pos
195,pos
196,neg
197,neg
198,pos
199,pos
200,pos
201,neg
202,neg
203,neg
204,neg
205,pos
206,neg
207,neg
208,pos
209,neg
210,neg
211,pos
212,neg
213,pos
214,pos
215,pos
216,pos
217,pos
218,neg
219,neg
220,pos
221,pos
222,neg
223,pos
224,pos
225,neg
226,neg
227,neg
228,pos
229,neg
230,neg
231,neg
232,neg
233,pos
234,neg
235,neg
236,pos
237,neg
238,pos
239,neg
240,neg
241,neg
242,neg
243,neg
244,neg
245,pos
246,neg
247,neg
248,neg
249,pos
250,pos
251,pos
252,pos
253,neg
254,neg
255,neg
256,pos
257,neg
258,pos
259,pos
260,pos
261,pos
262,pos
263,pos
264,neg
265,pos
266,pos
267,neg
268,neg
269,neg
270,neg
271,neg
272,neg
273,neg
274,pos
275,pos
276,pos
277,neg
278,neg
279,pos
280,neg
281,pos
282,pos
283,pos
284,pos
285,pos
286,pos
287,pos
288,pos
289,neg
290,neg
291,pos
292,neg
293,pos
294,neg
295,neg
296,pos
297,pos
298,pos
299,neg
300,pos
301,neg
302,neg
303,pos
304,pos
305,pos
306,pos
307,pos
308,pos
309,neg
310,neg
311,pos
312,neg
313,pos
314,pos
315,pos
316,neg
317,neg
318,pos
319,neg
320,neg
321,neg
322,neg
323,neg
324,neg
325,neg
326,neg
327,neg
328,neg
329,neg
330,pos
331,neg
332,pos
333,pos
334,pos
335,pos
336,pos
337,pos
338,neg
339,neg
340,pos
341,neg
342,neg
343,neg
344,pos
345,pos
346,neg
347,pos
348,neg
349,pos
350,neg
351,neg
352,neg
353,neg
354,pos
355,neg
356,pos
357,neg
358,pos
359,pos
360,pos
361,neg
362,pos
363,neg
364,neg
365,neg
366,pos
367,pos
368,pos
369,neg
370,pos
371,neg
372,neg
373,pos
374,neg
375,pos
376,neg
377,pos
378,pos
379,pos
380,pos
381,neg
382,neg
383,pos
384,pos
385,pos
386,pos
387,neg
388,pos
389,neg
390,neg
391,neg
392,pos
393,pos
394,pos
395,neg
396,pos
397,neg
398,pos
399,neg
400,neg
401,neg
402,pos
403,pos
404,neg
405,pos
406,pos
407,pos
408,neg
409,neg
410,pos
411,neg
412,neg
413,neg
414,pos
415,neg
416,pos
417,neg
418,pos
419,pos
420,pos
421,pos
422,neg
423,pos
424,pos
425,pos
426,neg
427,pos
428,neg
429,pos
430,neg
431,neg
432,neg
433,neg
434,neg
435,pos
436,neg
437,pos
438,pos
439,pos
440,neg
441,neg
442,pos
443,pos
444,neg
445,pos
446,neg
447,neg
448,neg
449,neg
450,pos
451,neg
452,neg
453,neg
454,pos
455,neg
456,pos
457,neg
458,pos
459,pos
460,neg
461,pos
462,neg
463,pos
464,pos
465,pos
466,neg
467,neg
468,neg
469,pos
470,neg
471,neg
472,neg
473,pos
474,pos
475,neg
476,neg
477,neg
478,neg
479,pos
480,neg
481,pos
482,pos
483,neg
484,pos
485,neg
486,neg
487,pos
488,neg
489,neg
490,pos
491,neg
492,neg
493,pos
494,pos
495,neg
496,neg
497,pos
498,neg
499,pos
500,neg
501,neg
502,pos
503,pos
504,pos
505,pos
506,pos
507,neg
508,pos
509,neg
510,neg
511,pos
512,pos
513,pos
514,neg
515,pos
516,neg
517,pos
518,neg
519,neg
520,pos
521,neg
522,neg
523,neg
524,neg
525,pos
526,neg
527,pos
528,neg
529,pos
530,neg
531,pos
532,neg
533,pos
534,pos
535,neg
536,neg
537,neg
538,pos
539,pos
540,pos
541,pos
542,pos
543,neg
544,neg
545,neg
546,pos
547,pos
548,pos
549,neg
550,pos
551,neg
552,pos
553,pos
554,pos
555,neg
556,neg
557,neg
558,pos
559,pos
560,pos
561,neg
562,neg
563,neg
564,neg
565,neg
566,pos
567,neg
568,neg
569,pos
570,pos
571,pos
572,pos
573,neg
574,neg
575,pos
576,neg
577,pos
578,pos
579,pos
580,neg
581,neg
582,neg
583,pos
584,pos
585,neg
586,pos
587,neg
588,neg
589,pos
590,pos
591,neg
592,neg
593,pos
594,neg
595,neg
596,neg
597,pos
598,pos
599,neg
600,neg
601,neg
602,neg
603,pos
604,pos
605,neg
606,pos
607,neg
608,neg
609,pos
610,neg
611,pos
612,neg
613,pos
614,neg
615,neg
616,neg
617,pos
618,pos
619,pos
620,neg
621,pos
622,pos
623,neg
624,neg
625,pos
626,pos
627,neg
628,pos
629,pos
630,pos
631,neg
632,pos
633,pos
634,pos
635,neg
636,pos
637,pos
638,pos
639,pos
640,pos
641,neg
642,pos
643,pos
644,pos
645,pos
646,pos
647,neg
648,neg
649,neg
650,neg
651,pos
652,pos
653,neg
654,neg
655,pos
656,neg
657,neg
658,pos
659,pos
660,pos
661,pos
662,pos
663,neg
664,neg
665,pos
666,pos
667,pos
668,pos
669,pos
670,pos
671,neg
672,pos
673,neg
674,neg
675,pos
676,neg
677,neg
678,pos
679,pos
680,neg
681,neg
682,neg
683,neg
684,neg
685,neg
686,neg
687,pos
688,pos
689,neg
690,pos
691,neg
692,pos
693,pos
694,pos
695,neg
696,neg
697,pos
698,pos
699,pos
700,neg
701,pos
702,pos
703,pos
704,pos
705,neg
706,neg
707,pos
708,neg
709,pos
710,neg
711,neg
712,pos
713,pos
714,neg
715,pos
716,pos
717,neg
718,pos
719,neg
720,neg
721,pos
722,pos
723,pos
724,neg
725,neg
726,pos
727,pos
728,pos
729,pos
730,pos
731,neg
732,pos
733,neg
734,pos
735,pos
736,neg
737,neg
738,pos
739,pos
740,pos
741,neg
742,pos
743,neg
744,pos
745,pos
746,neg
747,pos
748,neg
749,pos
750,neg
751,neg
752,pos
753,neg
754,pos
755,neg
756,neg
757,pos
758,neg
759,neg
760,pos
761,pos
762,neg
763,neg
764,pos
765,neg
766,pos
767,neg
768,neg
769,pos
770,neg
771,pos
772,neg
773,neg
774,neg
775,neg
776,neg
777,neg
778,neg
779,pos
780,pos
781,neg
782,neg
783,pos
784,pos
785,pos
786,pos
787,neg
788,neg
789,pos
790,pos
791,neg
792,neg
793,pos
794,pos
795,pos
796,pos
797,pos
798,neg
799,neg
800,pos
801,neg
802,neg
803,pos
804,neg
805,pos
806,pos
807,neg
808,pos
809,pos
810,pos
811,neg
812,neg
813,pos
814,neg
815,neg
816,neg
817,neg
818,pos
819,neg
820,neg
821,neg
822,pos
823,neg
824,pos
825,neg
826,pos
827,pos
828,pos
829,pos
830,neg
831,pos
832,neg
833,pos
834,neg
835,neg
836,neg
837,pos
838,pos
839,neg
840,neg
841,pos
842,neg
843,neg
844,neg
845,neg
846,neg
847,pos
848,pos
849,pos
850,pos
851,pos
852,pos
853,neg
854,pos
855,pos
856,pos
857,pos
858,neg
859,neg
860,neg
861,neg
862,neg
863,pos
864,neg
865,neg
866,neg
867,neg
868,pos
869,pos
870,neg
871,neg
872,neg
873,neg
874,pos
875,pos
876,pos
877,pos
878,neg
879,neg
880,pos
881,pos
882,pos
883,neg
884,neg
885,neg
886,pos
887,neg
888,pos
889,neg
890,pos
891,pos
892,pos
893,pos
894,pos
895,pos
896,pos
897,neg
898,pos
899,neg
900,pos
901,pos
902,pos
903,pos
904,pos
905,pos
906,pos
907,pos
908,pos
909,pos
910,pos
911,neg
912,neg
913,neg
914,neg
915,pos
916,pos
917,pos
918,neg
919,pos
920,pos
921,pos
922,pos
923,pos
924,neg
925,pos
926,neg
927,pos
928,neg
929,neg
930,pos
931,pos
932,pos
933,pos
934,neg
935,neg
936,pos
937,neg
938,pos
939,pos
940,neg
941,neg
942,neg
943,pos
944,pos
945,pos
946,neg
947,neg
948,pos
949,neg
950,pos
951,pos
952,neg
953,neg
954,pos
955,pos
956,neg
957,neg
958,pos
959,neg
960,pos
961,pos
962,pos
963,neg
964,pos
965,pos
966,neg
967,neg
968,pos
969,pos
970,neg
971,neg
972,pos
973,pos
974,pos
975,neg
976,neg
977,pos
978,neg
979,pos
980,neg
981,neg
982,pos
983,neg
984,pos
985,neg
986,pos
987,neg
988,pos
989,neg
990,neg
991,pos
992,neg
993,neg
994,neg
995,pos
996,pos
997,neg
998,pos
999,neg
1000,pos
1001,neg
1002,pos
1003,pos
1004,neg
1005,pos
1006,neg
1007,pos
1008,pos
1009,pos
1010,pos
1011,pos
1012,neg
1013,pos
1014,neg
1015,pos
1016,pos
1017,neg
1018,pos
1019,neg
1020,neg
1021,pos
1022,neg
1023,pos
1024,neg
1025,neg
1026,neg
1027,neg
1028,pos
1029,pos
1030,neg
1031,neg
1032,neg
1033,neg
1034,pos
1035,neg
1036,pos
1037,pos
1038,neg
1039,neg
1040,pos
1041,pos
1042,neg
1043,pos
1044,pos
1045,neg
1046,pos
1047,pos
1048,pos
1049,pos
1050,pos
1051,neg
1052,pos
1053,pos
1054,neg
1055,neg
1056,neg
1057,pos
1058,pos
1059,pos
1060,pos
1061,pos
1062,pos
1063,pos
1064,neg
1065,pos
1066,pos
1067,neg
1068,pos
1069,pos
1070,pos
1071,neg
1072,neg
1073,neg
1074,pos
1075,neg
1076,pos
1077,pos
1078,pos
1079,neg
1080,pos
1081,neg
1082,neg
1083,neg
1084,pos
1085,pos
1086,pos
1087,neg
1088,pos
1089,neg
1090,pos
1091,neg
1092,neg
1093,neg
1094,pos
1095,pos
1096,neg
1097,pos
1098,pos
1099,neg
1100,pos
1101,pos
1102,pos
1103,pos
1104,pos
1105,pos
1106,neg
1107,neg
1108,pos
1109,pos
1110,pos
1111,neg
1112,neg
1113,neg
1114,neg
1115,neg
1116,pos
1117,pos
1118,pos
1119,pos
1120,neg
1121,pos
1122,neg
1123,neg
1124,pos
1125,pos
1126,pos
1127,pos
1128,pos
1129,pos
1130,neg
1131,pos
1132,pos
1133,neg
1134,neg
1135,neg
1136,pos
1137,pos
1138,pos
1139,pos
1140,neg
1141,neg
1142,neg
1143,neg
1144,neg
1145,pos
1146,neg
1147,neg
1148,pos
1149,pos
1150,neg
1151,pos
1152,pos
1153,neg
1154,pos
1155,neg
1156,pos
1157,neg
1158,neg
1159,neg
1160,neg
1161,neg
1162,neg
1163,pos
1164,neg
1165,neg
1166,neg
1167,neg
1168,neg
1169,neg
1170,neg
1171,pos
1172,neg
1173,pos
1174,pos
1175,pos
1176,neg
1177,pos
1178,neg
1179,neg
1180,pos
1181,neg
1182,pos
1183,pos
1184,neg
1185,pos
1186,neg
1187,neg
1188,pos
1189,pos
1190,neg
1191,pos
1192,pos
1193,pos
1194,pos
1195,neg
1196,pos
1197,neg
1198,pos
1199,pos
1200,pos
1201,pos
1202,neg
1203,neg
1204,neg
1205,neg
1206,neg
1207,neg
1208,pos
1209,neg
1210,pos
1211,pos
1212,neg
1213,neg
1214,neg
1215,neg
1216,pos
1217,pos
1218,neg
1219,neg
1220,pos
1221,pos
1222,pos
1223,neg
1224,pos
1225,neg
1226,neg
1227,pos
1228,pos
1229,neg
1230,pos
1231,pos
1232,neg
1233,pos
1234,pos
1235,neg
1236,neg
1237,pos
1238,pos
1239,pos
1240,pos
1241,neg
1242,pos
1243,neg
1244,neg
1245,pos
1246,neg
1247,neg
1248,neg
1249,pos
1250,neg
1251,neg
1252,neg
1253,pos
1254,neg
1255,neg
1256,neg
1257,pos
1258,pos
1259,neg
1260,neg
1261,neg
1262,neg
1263,pos
1264,neg
1265,neg
1266,neg
1267,pos
1268,pos
1269,neg
1270,pos
1271,pos
1272,neg
1273,neg
1274,neg
1275,pos
1276,neg
1277,pos
1278,pos
1279,neg
1280,pos
1281,neg
1282,pos
1283,pos
1284,pos
1285,neg
1286,pos
1287,neg
1288,pos
1289,pos
1290,neg
1291,pos
1292,pos
1293,neg
1294,neg
1295,pos
1296,pos
1297,neg
1298,pos
1299,pos
1300,neg
1301,pos
1302,pos
1303,neg
1304,pos
1305,neg
1306,pos
1307,neg
1308,neg
1309,neg
1310,neg
1311,neg
1312,neg
1313,neg
1314,neg
1315,neg
1316,neg
1317,neg
1318,pos
1319,pos
1320,pos
1321,neg
1322,neg
1323,neg
1324,neg
1325,pos
1326,pos
1327,neg
1328,neg
1329,neg
1330,pos
1331,pos
1332,pos
1333,pos
1334,neg
1335,neg
1336,neg
1337,neg
1338,neg
1339,neg
1340,pos
1341,pos
1342,pos
1343,pos
1344,pos
1345,pos
1346,pos
1347,pos
1348,pos
1349,neg
1350,pos
1351,neg
1352,pos
1353,neg
1354,pos
1355,pos
1356,pos
1357,neg
1358,pos
1359,neg
1360,pos
1361,neg
1362,neg
1363,neg
1364,pos
1365,neg
1366,pos
1367,pos
1368,pos
1369,pos
1370,pos
1371,neg
1372,pos
1373,pos
1374,neg
1375,pos
1376,neg
1377,neg
1378,neg
1379,pos
1380,pos
1381,pos
1382,neg
1383,pos
1384,neg
1385,pos
1386,pos
1387,neg
1388,pos
1389,pos
1390,pos
1391,pos
1392,pos
1393,pos
1394,pos
1395,pos
1396,neg
1397,neg
1398,neg
1399,pos
1400,neg
1401,pos
1402,pos
1403,neg
1404,neg
1405,pos
1406,neg
1407,pos
1408,neg
1409,pos
1410,pos
1411,neg
1412,neg
1413,pos
1414,neg
1415,pos
1416,pos
1417,neg
1418,neg
1419,neg
1420,neg
1421,pos
1422,pos
1423,pos
1424,neg
1425,pos
1426,pos
1427,pos
1428,pos
1429,pos
1430,neg
1431,neg
1432,neg
1433,pos
1434,pos
1435,neg
1436,pos
1437,pos
1438,pos
1439,pos
1440,pos
1441,neg
1442,pos
1443,neg
1444,pos
1445,neg
1446,pos
1447,neg
1448,neg
1449,neg
1450,pos
1451,neg
1452,neg
1453,pos
1454,neg
1455,neg
1456,pos
1457,neg
1458,neg
1459,neg
1460,pos
1461,pos
1462,pos
1463,pos
1464,neg
1465,pos
1466,neg
1467,pos
1468,pos
1469,pos
1470,pos
1471,neg
1472,pos
1473,neg
1474,pos
1475,pos
1476,pos
1477,pos
1478,pos
1479,neg
1480,neg
1481,neg
1482,pos
1483,neg
1484,neg
1485,pos
1486,pos
1487,neg
1488,pos
1489,pos
1490,pos
1491,pos
1492,pos
1493,pos
1494,neg
1495,pos
1496,neg
1497,pos
1498,neg
1499,pos
1500,pos
1501,pos
1502,neg
1503,pos
1504,neg
1505,pos
1506,pos
1507,pos
1508,neg
1509,neg
1510,pos
1511,pos
1512,neg
1513,neg
1514,neg
1515,pos
1516,pos
1517,neg
1518,pos
1519,neg
1520,neg
1521,pos
1522,neg
1523,neg
1524,pos
1525,neg
1526,pos
1527,pos
1528,pos
1529,neg
1530,pos
1531,neg
1532,neg
1533,pos
1534,neg
1535,pos
1536,neg
1537,pos
1538,pos
1539,pos
1540,pos
1541,pos
1542,neg
1543,neg
1544,pos
1545,neg
1546,pos
1547,pos
1548,pos
1549,pos
1550,neg
1551,neg
1552,pos
1553,neg
1554,pos
1555,neg
1556,pos
1557,pos
1558,neg
1559,neg
1560,pos
1561,pos
1562,pos
1563,neg
1564,neg
1565,neg
1566,pos
1567,neg
1568,pos
1569,neg
1570,neg
1571,pos
1572,neg
1573,pos
1574,neg
1575,pos
1576,pos
1577,pos
1578,neg
1579,pos
1580,neg
1581,neg
1582,neg
1583,neg
1584,neg
1585,pos
1586,neg
1587,neg
1588,neg
1589,neg
1590,pos
1591,neg
1592,pos
1593,pos
1594,pos
1595,neg
1596,neg
1597,neg
1598,neg
1599,pos
1600,pos
1601,neg
1602,neg
1603,pos
1604,pos
1605,pos
1606,pos
1607,neg
1608,pos
1609,pos
1610,pos
1611,pos
1612,neg
1613,neg
1614,neg
1615,neg
1616,neg
1617,neg
1618,neg
1619,neg
1620,neg
1621,neg
1622,neg
1623,neg
1624,pos
1625,pos
1626,neg
1627,pos
1628,neg
1629,neg
1630,pos
1631,neg
1632,neg
1633,neg
1634,pos
1635,pos
1636,neg
1637,pos
1638,pos
1639,neg
1640,neg
1641,neg
1642,neg
1643,pos
1644,neg
1645,neg
1646,pos
1647,pos
1648,pos
1649,pos
1650,neg
1651,neg
1652,pos
1653,pos
1654,neg
1655,neg
1656,neg
1657,pos
1658,pos
1659,neg
1660,pos
1661,pos
1662,neg
1663,pos
1664,pos
1665,neg
1666,neg
1667,neg
1668,pos
1669,pos
1670,neg
1671,neg
1672,pos
1673,neg
1674,neg
1675,pos
1676,neg
1677,pos
1678,neg
1679,neg
1680,neg
1681,pos
1682,pos
1683,neg
1684,neg
1685,pos
1686,pos
1687,neg
1688,pos
1689,pos
1690,neg
1691,neg
1692,pos
1693,pos
1694,neg
1695,pos
1696,neg
1697,pos
1698,neg
1699,pos
1700,pos
1701,neg
1702,pos
1703,neg
1704,pos
1705,neg
1706,neg
1707,neg
1708,neg
1709,pos
1710,pos
1711,neg
1712,pos
1713,neg
1714,neg
1715,neg
1716,pos
1717,neg
1718,pos
1719,pos
1720,pos
1721,neg
1722,neg
1723,pos
1724,neg
1725,pos
1726,neg
1727,pos
1728,neg
1729,pos
1730,pos
1731,neg
1732,neg
1733,pos
1734,neg
1735,pos
1736,neg
1737,neg
1738,pos
1739,pos
1740,neg
1741,neg
1742,neg
1743,pos
1744,pos
1745,neg
1746,neg
1747,neg
1748,neg
1749,neg
1750,neg
1751,neg
1752,neg
1753,pos
1754,neg
1755,pos
1756,pos
1757,neg
1758,neg
1759,neg
1760,pos
1761,neg
1762,neg
1763,neg
1764,pos
1765,pos
1766,pos
1767,pos
1768,neg
1769,pos
1770,pos
1771,pos
1772,neg
1773,neg
1774,pos
1775,pos
1776,pos
1777,pos
1778,neg
1779,pos
1780,neg
1781,pos
1782,neg
1783,pos
1784,pos
1785,neg
1786,pos
1787,neg
1788,pos
1789,pos
1790,pos
1791,pos
1792,pos
1793,pos
1794,pos
1795,pos
1796,neg
1797,pos
1798,neg
1799,pos
1800,neg
1801,neg
1802,pos
1803,pos
1804,pos
1805,pos
1806,neg
1807,pos
1808,neg
1809,neg
1810,neg
1811,pos
1812,pos
1813,pos
1814,pos
1815,pos
1816,pos
1817,pos
1818,neg
1819,pos
1820,neg
1821,pos
1822,neg
1823,neg
1824,pos
1825,neg
1826,neg
1827,pos
1828,pos
1829,neg
1830,neg
1831,neg
1832,neg
1833,pos
1834,neg
1835,neg
1836,pos
1837,pos
1838,neg
1839,pos
1840,pos
1841,pos
1842,pos
1843,pos
1844,pos
1845,neg
1846,neg
1847,neg
1848,neg
1849,neg
1850,pos
1851,neg
1852,neg
1853,neg
1854,neg
1855,neg
1856,pos
1857,pos
1858,neg
1859,pos
1860,neg
1861,pos
1862,pos
1863,pos
1864,pos
1865,neg
1866,pos
1867,neg
1868,neg
1869,neg
1870,neg
1871,pos
1872,pos
1873,neg
1874,neg
1875,neg
1876,pos
1877,neg
1878,pos
1879,pos
1880,neg
1881,neg
1882,pos
1883,neg
1884,neg
1885,pos
1886,neg
1887,neg
1888,pos
1889,pos
1890,pos
1891,pos
1892,pos
1893,pos
1894,neg
1895,neg
1896,pos
1897,neg
1898,pos
1899,pos
1900,pos
1901,neg
1902,neg
1903,neg
1904,neg
1905,pos
1906,neg
1907,pos
1908,pos
1909,neg
1910,neg
1911,neg
1912,pos
1913,neg
1914,neg
1915,neg
1916,neg
1917,neg
1918,pos
1919,neg
1920,neg
1921,pos
1922,neg
1923,neg
1924,pos
1925,pos
1926,pos
1927,neg
1928,pos
1929,neg
1930,neg
1931,pos
1932,pos
1933,neg
1934,pos
1935,pos
1936,pos
1937,pos
1938,neg
1939,pos
1940,neg
1941,neg
1942,neg
1943,pos
1944,pos
1945,neg
1946,pos
1947,pos
1948,pos
1949,pos
1950,neg
1951,neg
1952,pos
1953,pos
1954,pos
1955,neg
1956,pos
1957,pos
1958,neg
1959,pos
1960,pos
1961,pos
1962,neg
1963,pos
1964,pos
1965,neg
1966,pos
1967,pos
1968,pos
1969,pos
1970,neg
1971,pos
1972,neg
1973,neg
1974,neg
1975,pos
1976,pos
1977,neg
1978,pos
1979,pos
1980,pos
1981,pos
1982,neg
1983,pos
1984,pos
1985,neg
1986,neg
1987,pos
1988,neg
1989,pos
1990,neg
1991,pos
1992,neg
1993,pos
1994,neg
1995,neg
1996,pos
1997,pos
1998,pos
1999,pos
2000,neg
2001,neg
2002,neg
2003,neg
2004,neg
2005,pos
2006,pos
2007,pos
2008,pos
2009,neg
2010,neg
2011,pos
2012,neg
2013,neg
2014,neg
2015,pos
2016,neg
2017,neg
2018,neg
2019,neg
2020,neg
2021,pos
2022,neg
2023,pos
2024,neg
2025,neg
2026,pos
2027,pos
2028,pos
2029,pos
2030,pos
2031,neg
2032,neg
2033,pos
2034,pos
2035,neg
2036,pos
2037,neg
2038,pos
2039,pos
2040,neg
2041,neg
2042,neg
2043,pos
2044,pos
2045,pos
2046,pos
2047,neg
2048,pos
2049,neg
2050,neg
2051,neg
2052,neg
2053,pos
2054,neg
2055,pos
2056,neg
2057,pos
2058,neg
2059,pos
2060,pos
2061,neg
2062,neg
2063,pos
2064,pos
2065,pos
2066,pos
2067,pos
2068,neg
2069,neg
2070,pos
2071,neg
2072,neg
2073,pos
2074,neg
2075,pos
2076,pos
2077,pos
2078,neg
2079,pos
2080,neg
2081,pos
2082,pos
2083,pos
2084,pos
2085,pos
2086,neg
2087,neg
2088,neg
2089,neg
2090,pos
2091,pos
2092,neg
2093,neg
2094,neg
2095,pos
2096,pos
2097,neg
2098,neg
2099,pos
2100,pos
2101,neg
2102,pos
2103,pos
2104,neg
2105,pos
2106,neg
2107,neg
2108,neg
2109,pos
2110,neg
2111,pos
2112,pos
2113,neg
2114,neg
2115,neg
2116,neg
2117,neg
2118,neg
2119,neg
2120,pos
2121,neg
2122,neg
2123,neg
2124,pos
2125,pos
2126,neg
2127,pos
2128,pos
2129,pos
2130,pos
2131,neg
2132,pos
2133,neg
2134,neg
2135,pos
2136,pos
2137,pos
2138,pos
2139,pos
2140,neg
2141,neg
2142,neg
2143,pos
2144,neg
2145,pos
2146,neg
2147,neg
2148,neg
2149,pos
2150,pos
2151,neg
2152,pos
2153,pos
2154,neg
2155,neg
2156,neg
2157,neg
2158,neg
2159,neg
2160,neg
2161,neg
2162,neg
2163,neg
2164,pos
2165,neg
2166,pos
2167,neg
2168,pos
2169,neg
2170,neg
2171,pos
2172,neg
2173,pos
2174,pos
2175,neg
2176,pos
2177,pos
2178,pos
2179,neg
2180,pos
2181,pos
2182,pos
2183,neg
2184,pos
2185,pos
2186,pos
2187,pos
2188,pos
2189,pos
2190,pos
2191,neg
2192,pos
2193,pos
2194,neg
2195,neg
2196,neg
2197,pos
2198,pos
2199,pos
2200,neg
2201,pos
2202,neg
2203,pos
2204,pos
2205,pos
2206,neg
2207,neg
2208,neg
2209,pos
2210,neg
2211,neg
2212,pos
2213,pos
2214,neg
2215,neg
2216,pos
2217,pos
2218,pos
2219,pos
2220,pos
2221,pos
2222,pos
2223,pos
2224,neg
2225,pos
2226,neg
2227,neg
2228,neg
2229,neg
2230,pos
2231,neg
2232,neg
2233,neg
2234,pos
2235,pos
2236,pos
2237,pos
2238,pos
2239,pos
2240,pos
2241,neg
2242,pos
2243,pos
2244,pos
2245,pos
2246,neg
2247,neg
2248,pos
2249,neg
2250,pos
2251,neg
2252,neg
2253,pos
2254,pos
2255,pos
2256,neg
2257,pos
2258,neg
2259,neg
2260,pos
2261,neg
2262,pos
2263,pos
2264,pos
2265,neg
2266,pos
2267,pos
2268,pos
2269,neg
2270,neg
2271,pos
2272,pos
2273,pos
2274,neg
2275,neg
2276,pos
2277,pos
2278,pos
2279,neg
2280,pos
2281,neg
2282,neg
2283,pos
2284,neg
2285,pos
2286,neg
2287,neg
2288,neg
2289,neg
2290,pos
2291,neg
2292,neg
2293,neg
2294,neg
2295,neg
2296,neg
2297,pos
2298,pos
2299,neg
2300,pos
2301,pos
2302,pos
2303,neg
2304,neg
2305,neg
2306,neg
2307,pos
2308,neg
2309,neg
2310,pos
2311,neg
2312,neg
2313,pos
2314,neg
2315,pos
2316,pos
2317,pos
2318,pos
2319,pos
2320,pos
2321,neg
2322,pos
2323,pos
2324,pos
2325,neg
2326,neg
2327,neg
2328,neg
2329,pos
2330,neg
2331,pos
2332,pos
2333,neg
2334,pos
2335,pos
2336,pos
2337,neg
2338,neg
2339,neg
2340,neg
2341,pos
2342,pos
2343,pos
2344,neg
2345,neg
2346,pos
2347,pos
2348,neg
2349,pos
2350,pos
2351,neg
2352,pos
2353,neg
2354,pos
2355,pos
2356,neg
2357,neg
2358,neg
2359,neg
2360,neg
2361,pos
2362,pos
2363,neg
2364,pos
2365,neg
2366,neg
2367,neg
2368,neg
2369,pos
2370,pos
2371,pos
2372,neg
2373,pos
2374,pos
2375,neg
2376,neg
2377,pos
2378,pos
2379,neg
2380,neg
2381,neg
2382,neg
2383,pos
2384,neg
2385,neg
2386,neg
2387,pos
2388,pos
2389,pos
2390,neg
2391,pos
2392,neg
2393,neg
2394,neg
2395,pos
2396,pos
2397,neg
2398,pos
2399,pos
2400,neg
2401,neg
2402,pos
2403,neg
2404,neg
2405,neg
2406,pos
2407,pos
2408,neg
2409,pos
2410,neg
2411,pos
2412,pos
2413,pos
2414,neg
2415,pos
2416,pos
2417,neg
2418,neg
2419,neg
2420,neg
2421,neg
2422,neg
2423,neg
2424,neg
2425,neg
2426,neg
2427,pos
2428,pos
2429,pos
2430,neg
2431,pos
2432,neg
2433,pos
2434,pos
2435,neg
2436,pos
2437,neg
2438,pos
2439,pos
2440,pos
2441,pos
2442,pos
2443,pos
2444,pos
2445,pos
2446,neg
2447,neg
2448,neg
2449,pos
2450,neg
2451,pos
2452,neg
2453,pos
2454,neg
2455,pos
2456,pos
2457,neg
2458,neg
2459,neg
2460,pos
2461,pos
2462,neg
2463,neg
2464,neg
2465,pos
2466,neg
2467,pos
2468,neg
2469,pos
2470,pos
2471,pos
2472,neg
2473,neg
2474,neg
2475,neg
2476,pos
2477,neg
2478,pos
2479,neg
2480,pos
2481,pos
2482,pos
2483,pos
2484,neg
2485,pos
2486,neg
2487,pos
2488,neg
2489,neg
2490,pos
2491,neg
2492,neg
2493,neg
2494,neg
2495,neg
2496,neg
2497,pos
2498,pos
2499,pos
2500,pos
2501,pos
2502,pos
2503,neg
2504,neg
2505,neg
2506,pos
2507,pos
2508,pos
2509,neg
2510,neg
2511,pos
2512,neg
2513,neg
2514,neg
2515,neg
2516,pos
2517,neg
2518,neg
2519,pos
2520,pos
2521,neg
2522,pos
2523,neg
2524,pos
2525,pos
2526,pos
2527,neg
2528,pos
2529,pos
2530,neg
2531,neg
2532,neg
2533,neg
2534,pos
2535,pos
2536,pos
2537,pos
2538,pos
2539,pos
2540,pos
2541,pos
2542,pos
2543,pos
2544,neg
2545,pos
2546,neg
2547,pos
2548,pos
2549,neg
2550,neg
2551,pos
2552,pos
2553,pos
2554,pos
2555,neg
2556,pos
2557,neg
2558,neg
2559,neg
2560,neg
2561,neg
2562,neg
2563,pos
2564,neg
2565,neg
2566,pos
2567,neg
2568,neg
2569,pos
2570,neg
2571,pos
2572,neg
2573,neg
2574,neg
2575,pos
2576,pos
2577,pos
2578,pos
2579,pos
2580,pos
2581,pos
2582,pos
2583,neg
2584,neg
2585,pos
2586,pos
2587,neg
2588,neg
2589,pos
2590,pos
2591,pos
2592,neg
2593,neg
2594,pos
2595,neg
2596,neg
2597,neg
2598,neg
2599,pos
2600,neg
2601,neg
2602,pos
2603,pos
2604,neg
2605,pos
2606,pos
2607,neg
2608,neg
2609,neg
2610,pos
2611,pos
2612,pos
2613,pos
2614,pos
2615,neg
2616,neg
2617,neg
2618,pos
2619,neg
2620,pos
2621,neg
2622,neg
2623,neg
2624,neg
2625,pos
2626,pos
2627,pos
2628,neg
2629,neg
2630,pos
2631,pos
2632,pos
2633,pos
2634,pos
2635,neg
2636,pos
2637,neg
2638,pos
2639,pos
2640,pos
2641,neg
2642,neg
2643,pos
2644,neg
2645,pos
2646,pos
2647,neg
2648,pos
2649,neg
2650,pos
2651,pos
2652,neg
2653,pos
2654,neg
2655,neg
2656,pos
2657,neg
2658,pos
2659,pos
2660,neg
2661,neg
2662,neg
2663,pos
2664,pos
2665,pos
2666,neg
2667,neg
2668,neg
2669,neg
2670,pos
2671,pos
2672,pos
2673,neg
2674,neg
2675,pos
2676,pos
2677,pos
2678,neg
2679,neg
2680,neg
2681,neg
2682,neg
2683,neg
2684,pos
2685,pos
2686,pos
2687,pos
2688,neg
2689,neg
2690,pos
2691,pos
2692,neg
2693,pos
2694,pos
2695,neg
2696,pos
2697,pos
2698,neg
2699,pos
2700,neg
2701,pos
2702,pos
2703,neg
2704,pos
2705,pos
2706,neg
2707,pos
2708,pos
2709,pos
2710,pos
2711,neg
2712,pos
2713,pos
2714,pos
2715,neg
2716,pos
2717,pos
2718,neg
2719,neg
2720,neg
2721,pos
2722,neg
2723,neg
2724,neg
2725,pos
2726,neg
2727,neg
2728,neg
2729,neg
2730,pos
2731,pos
2732,neg
2733,pos
2734,pos
2735,neg
2736,pos
2737,neg
2738,pos
2739,pos
2740,pos
2741,pos
2742,neg
2743,neg
2744,neg
2745,neg
2746,neg
2747,neg
2748,neg
2749,neg
2750,neg
2751,neg
2752,pos
2753,neg
2754,pos
2755,pos
2756,pos
2757,neg
2758,pos
2759,neg
2760,neg
2761,neg
2762,pos
2763,neg
2764,neg
2765,pos
2766,neg
2767,neg
2768,pos
2769,pos
2770,pos
2771,neg
2772,neg
2773,pos
2774,pos
2775,neg
2776,pos
2777,pos
2778,pos
2779,neg
2780,neg
2781,neg
2782,neg
2783,neg
2784,pos
2785,pos
2786,neg
2787,pos
2788,neg
2789,pos
2790,neg
2791,pos
2792,neg
2793,neg
2794,pos
2795,pos
2796,pos
2797,pos
2798,pos
2799,neg
2800,pos
2801,neg
2802,neg
2803,pos
2804,neg
2805,pos
2806,pos
2807,neg
2808,pos
2809,pos
2810,pos
2811,pos
2812,pos
2813,neg
2814,pos
2815,pos
2816,pos
2817,pos
2818,neg
2819,pos
2820,neg
2821,pos
2822,neg
2823,pos
2824,pos
2825,pos
2826,pos
2827,neg
2828,neg
2829,pos
2830,neg
2831,neg
2832,pos
2833,pos
2834,neg
2835,neg
2836,neg
2837,pos
2838,neg
2839,neg
2840,pos
2841,pos
2842,neg
2843,neg
2844,neg
2845,pos
2846,pos
2847,pos
2848,pos
2849,neg
2850,pos
2851,pos
2852,pos
2853,pos
2854,neg
2855,neg
2856,neg
2857,neg
2858,neg
2859,neg
2860,neg
2861,pos
2862,pos
2863,pos
2864,neg
2865,neg
2866,pos
2867,neg
2868,pos
2869,pos
2870,pos
2871,neg
2872,pos
2873,pos
2874,neg
2875,pos
2876,neg
2877,neg
2878,pos
2879,neg
2880,neg
2881,pos
2882,neg
2883,pos
2884,neg
2885,pos
2886,pos
2887,pos
2888,pos
2889,neg
2890,neg
2891,neg
2892,neg
2893,pos
2894,pos
2895,pos
2896,neg
2897,pos
2898,pos
2899,pos
2900,pos
2901,neg
2902,pos
2903,pos
2904,pos
2905,neg
2906,pos
2907,pos
2908,neg
2909,neg
2910,pos
2911,pos
2912,neg
2913,neg
2914,neg
2915,pos
2916,neg
2917,neg
2918,neg
2919,neg
2920,pos
2921,pos
2922,neg
2923,pos
2924,pos
2925,pos
2926,pos
2927,pos
2928,pos
2929,pos
2930,pos
2931,neg
2932,neg
2933,pos
2934,pos
2935,pos
2936,pos
2937,pos
2938,neg
2939,neg
2940,neg
2941,pos
2942,neg
2943,pos
2944,neg
2945,pos
2946,neg
2947,pos
2948,neg
2949,neg
2950,neg
2951,pos
2952,pos
2953,neg
2954,neg
2955,neg
2956,pos
2957,pos
2958,neg
2959,neg
2960,neg
2961,pos
2962,pos
2963,neg
2964,pos
2965,neg
2966,neg
2967,neg
2968,neg
2969,pos
2970,neg
2971,pos
2972,pos
2973,neg
2974,neg
2975,neg
2976,neg
2977,neg
2978,neg
2979,neg
2980,neg
2981,pos
2982,neg
2983,neg
2984,neg
2985,pos
2986,pos
2987,pos
2988,pos
2989,pos
2990,pos
2991,neg
2992,pos
2993,pos
2994,neg
2995,neg
2996,pos
2997,pos
2998,pos
2999,pos
3000,pos
3001,neg
3002,pos
3003,pos
3004,pos
3005,neg
3006,pos
3007,neg
3008,pos
3009,neg
3010,pos
3011,neg
3012,pos
3013,pos
3014,neg
3015,neg
3016,pos
3017,pos
3018,neg
3019,pos
3020,pos
3021,pos
3022,pos
3023,pos
3024,pos
3025,pos
3026,pos
3027,neg
3028,pos
3029,pos
3030,neg
3031,pos
3032,neg
3033,neg
3034,neg
3035,pos
3036,pos
3037,pos
3038,pos
3039,neg
3040,neg
3041,neg
3042,pos
3043,pos
3044,neg
3045,neg
3046,pos
3047,pos
3048,neg
3049,neg
3050,pos
3051,pos
3052,pos
3053,pos
3054,neg
3055,pos
3056,neg
3057,neg
3058,neg
3059,neg
3060,pos
3061,pos
3062,pos
3063,neg
3064,pos
3065,pos
3066,neg
3067,neg
3068,pos
3069,neg
3070,pos
3071,neg
3072,neg
3073,pos
3074,pos
3075,neg
3076,neg
3077,pos
3078,neg
3079,pos
3080,pos
3081,pos
3082,neg
3083,neg
3084,pos
3085,pos
3086,pos
3087,neg
3088,pos
3089,pos
3090,pos
3091,neg
3092,pos
3093,pos
3094,pos
3095,neg
3096,pos
3097,pos
3098,pos
3099,pos
3100,pos
3101,neg
3102,neg
3103,neg
3104,pos
3105,neg
3106,neg
3107,pos
3108,pos
3109,neg
3110,pos
3111,neg
3112,pos
3113,pos
3114,neg
3115,pos
3116,pos
3117,pos
3118,neg
3119,neg
3120,neg
3121,neg
3122,neg
3123,neg
3124,pos
3125,pos
3126,pos
3127,neg
3128,pos
3129,pos
3130,neg
3131,neg
3132,neg
3133,neg
3134,neg
3135,neg
3136,pos
3137,pos
3138,pos
3139,pos
3140,neg
3141,neg
3142,pos
3143,pos
3144,pos
3145,pos
3146,neg
3147,pos
3148,neg
3149,pos
3150,neg
3151,pos
3152,pos
3153,pos
3154,pos
3155,neg
3156,pos
3157,pos
3158,neg
3159,pos
3160,pos
3161,neg
3162,pos
3163,pos
3164,neg
3165,neg
3166,neg
3167,pos
3168,neg
3169,neg
3170,pos
3171,neg
3172,pos
3173,pos
3174,neg
3175,pos
3176,pos
3177,pos
3178,pos
3179,pos
3180,pos
3181,neg
3182,neg
3183,neg
3184,pos
3185,pos
3186,neg
3187,pos
3188,pos
3189,pos
3190,pos
3191,pos
3192,neg
3193,neg
3194,neg
3195,neg
3196,neg
3197,neg
3198,pos
3199,pos
3200,neg
3201,pos
3202,pos
3203,pos
3204,neg
3205,pos
3206,pos
3207,neg
3208,neg
3209,neg
3210,neg
3211,pos
3212,neg
3213,pos
3214,pos
3215,pos
3216,pos
3217,neg
3218,neg
3219,neg
3220,pos
3221,neg
3222,neg
3223,neg
3224,neg
3225,pos
3226,neg
3227,pos
3228,neg
3229,neg
3230,pos
3231,neg
3232,neg
3233,pos
3234,neg
3235,pos
3236,neg
3237,pos
3238,pos
3239,pos
3240,pos
3241,pos
3242,pos
3243,pos
3244,neg
3245,pos
3246,neg
3247,pos
3248,pos
3249,neg
3250,pos
3251,pos
3252,neg
3253,pos
3254,pos
3255,pos
3256,neg
3257,pos
3258,neg
3259,pos
3260,pos
3261,neg
3262,pos
3263,neg
3264,neg
3265,neg
3266,neg
3267,neg
3268,neg
3269,pos
3270,neg
3271,pos
3272,pos
3273,pos
3274,pos
3275,neg
3276,neg
3277,pos
3278,neg
3279,pos
3280,neg
3281,neg
3282,pos
3283,pos
3284,neg
3285,pos
3286,neg
3287,pos
3288,neg
3289,neg
3290,neg
3291,pos
3292,pos
3293,pos
3294,pos
3295,neg
3296,neg
3297,pos
3298,neg
3299,pos
3300,pos
3301,neg
3302,neg
3303,neg
3304,pos
3305,pos
3306,pos
3307,pos
3308,pos
3309,neg
3310,pos
3311,neg
3312,neg
3313,neg
3314,pos
3315,neg
3316,pos
3317,neg
3318,neg
3319,neg
3320,neg
3321,pos
3322,neg
3323,neg
3324,neg
3325,pos
3326,pos
3327,neg
3328,neg
3329,pos
3330,neg
3331,pos
3332,neg
3333,neg
3334,neg
3335,neg
3336,pos
3337,neg
3338,pos
3339,neg
3340,pos
3341,neg
3342,neg
3343,pos
3344,pos
3345,pos
3346,pos
3347,pos
3348,neg
3349,neg
3350,neg
3351,neg
3352,neg
3353,pos
3354,pos
3355,neg
3356,neg
3357,neg
3358,pos
3359,neg
3360,neg
3361,neg
3362,neg
3363,neg
3364,neg
3365,neg
3366,neg
3367,pos
3368,pos
3369,pos
3370,neg
3371,neg
3372,pos
3373,neg
3374,neg
3375,pos
3376,pos
3377,neg
3378,neg
3379,neg
3380,neg
3381,pos
3382,pos
3383,neg
3384,neg
3385,pos
3386,pos
3387,neg
3388,pos
3389,neg
3390,pos
3391,pos
3392,pos
3393,pos
3394,pos
3395,neg
3396,neg
3397,pos
3398,neg
3399,pos
3400,neg
3401,neg
3402,neg
3403,neg
3404,pos
3405,neg
3406,neg
3407,neg
3408,neg
3409,pos
3410,neg
3411,neg
3412,pos
3413,pos
3414,neg
3415,pos
3416,neg
3417,pos
3418,pos
3419,pos
3420,neg
3421,pos
3422,neg
3423,pos
3424,neg
3425,neg
3426,pos
3427,neg
3428,neg
3429,neg
3430,neg
3431,neg
3432,neg
3433,neg
3434,pos
3435,neg
3436,neg
3437,neg
3438,pos
3439,pos
3440,neg
3441,pos
3442,pos
3443,neg
3444,neg
3445,pos
3446,pos
3447,pos
3448,neg
3449,pos
3450,neg
3451,pos
3452,pos
3453,neg
3454,neg
3455,neg
3456,neg
3457,neg
3458,neg
3459,pos
3460,pos
3461,pos
3462,neg
3463,neg
3464,pos
3465,neg
3466,neg
3467,neg
3468,neg
3469,neg
3470,neg
3471,pos
3472,pos
3473,neg
3474,pos
3475,pos
3476,neg
3477,pos
3478,pos
3479,pos
3480,neg
3481,neg
3482,neg
3483,neg
3484,neg
3485,neg
3486,neg
3487,pos
3488,neg
3489,pos
3490,pos
3491,neg
3492,neg
3493,neg
3494,pos
3495,pos
3496,pos
3497,neg
3498,pos
3499,pos
3500,pos
3501,neg
3502,pos
3503,neg
3504,pos
3505,neg
3506,neg
3507,pos
3508,neg
3509,neg
3510,neg
3511,neg
3512,pos
3513,pos
3514,pos
3515,neg
3516,pos
3517,neg
3518,neg
3519,pos
3520,neg
3521,neg
3522,pos
3523,neg
3524,neg
3525,pos
3526,pos
3527,pos
3528,pos
3529,pos
3530,neg
3531,neg
3532,pos
3533,neg
3534,pos
3535,neg
3536,neg
3537,pos
3538,pos
3539,neg
3540,pos
3541,pos
3542,neg
3543,neg
3544,pos
3545,neg
3546,neg
3547,neg
3548,neg
3549,neg
3550,pos
3551,neg
3552,pos
3553,pos
3554,pos
3555,neg
3556,neg
3557,neg
3558,pos
3559,neg
3560,neg
3561,pos
3562,pos
3563,pos
3564,pos
3565,neg
3566,neg
3567,pos
3568,pos
3569,neg
3570,neg
3571,pos
3572,pos
3573,neg
3574,neg
3575,pos
3576,pos
3577,pos
3578,pos
3579,neg
3580,pos
3581,neg
3582,pos
3583,neg
3584,neg
3585,pos
3586,neg
3587,neg
3588,neg
3589,pos
3590,neg
3591,pos
3592,neg
3593,neg
3594,neg
3595,pos
3596,neg
3597,neg
3598,neg
3599,neg
3600,neg
3601,pos
3602,neg
3603,pos
3604,neg
3605,pos
3606,neg
3607,pos
3608,pos
3609,pos
3610,neg
3611,pos
3612,pos
3613,pos
3614,neg
3615,neg
3616,neg
3617,neg
3618,pos
3619,pos
3620,pos
3621,pos
3622,neg
3623,neg
3624,neg
3625,neg
3626,pos
3627,pos
3628,neg
3629,pos
3630,pos
3631,pos
3632,neg
3633,pos
3634,neg
3635,pos
3636,pos
3637,neg
3638,pos
3639,pos
3640,neg
3641,pos
3642,pos
3643,pos
3644,pos
3645,neg
3646,neg
3647,neg
3648,pos
3649,pos
3650,pos
3651,pos
3652,pos
3653,neg
3654,pos
3655,neg
3656,pos
3657,pos
3658,neg
3659,pos
3660,pos
3661,pos
3662,neg
3663,pos
3664,neg
3665,neg
3666,pos
3667,pos
3668,neg
3669,neg
3670,neg
3671,pos
3672,pos
3673,neg
3674,neg
3675,neg
3676,pos
3677,pos
3678,neg
3679,pos
3680,pos
3681,neg
3682,pos
3683,pos
3684,pos
3685,neg
3686,pos
3687,neg
3688,pos
3689,pos
3690,pos
3691,neg
3692,neg
3693,pos
3694,pos
3695,pos
3696,pos
3697,neg
3698,neg
3699,pos
3700,neg
3701,neg
3702,pos
3703,neg
3704,pos
3705,neg
3706,neg
3707,pos
3708,neg
3709,neg
3710,pos
3711,neg
3712,neg
3713,pos
